code,ó¨ìÆéëéYçáåv,åªã‡ãyÇ—óaã‡,åªã‡óaã‡,óLå`å≈íËéëéY,óLå`å≈íËéëéYçáåv,ìäéëóLâøèÿåî,ìäéëÇªÇÃëºÇÃéëéYçáåv,ó¨ìÆïâç¬çáåv,å≈íËïâç¬çáåv
1333,"300,511","31,579",,,"147,902","43,665","64,393","213,484","152,237"
1438,"3,239,976","2,125,532",,,"971,599",,"312,646","1,278,725","232,571"
1447,"10,852,865","3,894,837",,,"1,720,706","215,825","1,246,302","7,571,502","4,709,414"
1448,"39,809",,"6,654",,"21,904","11,164","13,113","37,814","15,465"
1451,"12,489,804","3,984,906",,,"1,946,262","1,689","282,510","5,000,041","4,076,325"
1712,"4,252","1,031",,,"16,168",508,835,"4,746","2,767"
1721,"278,860",,"33,259",,"140,694","25,098","52,387","128,229","20,382"
1724,"6,295",847,,,"2,162",,987,"4,367","1,349"
1726,"26,669",,"2,730",,"5,186",410,698,"17,597","2,899"
1737,"16,673,745",,"2,948,935",,"1,501,871","70,033","727,189","3,823,473","1,121,332"
1798,"20,670,914",,"7,111,912",,"3,823,982","774,488","2,825,818","15,471,354","1,306,528"
1801,"1,027,061",,"446,630",,"152,470","328,152","455,261","841,147","185,054"
1803,"1,013,598",,"Å¶4,Å¶5 214,321",,"501,899","Å¶2,Å¶4 355,679","374,035","714,908","372,319"
1812,"810,537",,"170,329",,"282,319",,,"707,151","213,321"
1820,,,,,,"41,711","64,835","191,127","73,775"
1824,"433,190",,"Å¶3 100,687",,"165,558","Å¶1,Å¶2 131,063","149,357","267,118","294,242"
1828,"23,883,174",,"4,525,013",,"8,033,204","422,715","1,217,732","13,210,884","2,280,219"
1840,"10,598,754",,"4,209,889",,"8,576,079","687,746","1,725,056","8,295,489","1,746,122"
1847,"44,606",,"11,835",,"6,572","1,544","2,756","23,170","6,238"
1867,"28,880,703",,"6,337,867",,"14,106,348","1,221,830","2,440,576","19,109,579","3,497,452"
1870,"95,268",,"22,091",,"25,613","5,661","8,562","61,464","13,733"
1871,"73,704",,"10,456",,"14,126","2,724","7,456","43,378","9,828"
1892,"30,795","11,713",,,"8,616","2,058","2,697","21,077","5,466"
1893,"326,021",,"55,612",,"68,697","18,846","50,318","244,839","49,004"
1929,"42,282",,"17,722",,"5,598",974,"3,644","18,931","4,239"
1945,"58,464",,"9,304",,"20,336","7,992","10,013","16,487","8,269"
1948,"20,875",,"1,541",,"1,291","1,020","6,804","10,105",464
1976,"47,428",,"22,484",,"15,436","3,492","5,969","10,153","4,401"
2001,"117,900","37,486",,,"114,240","Å¶1,Å¶3 65,809","72,967","69,661","69,230"
2060,"54,861","2,893",,,"34,521","8,019","9,505","42,188","14,268"
2108,"45,745","2,554",,,"23,067","20,678","23,144","20,751","10,331"
2122,"8,247,745","4,646,879",,"204,777",,,"702,152","4,549,690","72,976"
2138,"22,295,495","15,056,962",,,"821,019","1,892,403","3,425,974","6,054,027","11,273,570"
2150,"4,099,431","2,289,836",,"48,187",,,,"1,561,097","24,679"
2160,"16,213,236",,,,,,,"3,074,506",
2164,"1,393,867","983,670",,"52,570",,,"61,964","796,715","687,293"
2170,"11,610",,,975,,,,"18,261",
2173,"3,866,912","2,013,889",,,"159,168","9,226","361,877","3,111,978","361,644"
2175,,,,,939,,,,
2181,"236,943","83,161",,,"11,988","Å¶ 11,344","33,540","145,577","62,680"
2185,"13,414,520","9,333,973",,,"2,982,693",,"2,536,363","2,478,619","1,590,568"
2195,"2,262,873","1,270,311",,,"1,756,157",,,"1,635,713","1,763,585"
2217,"12,004,482","3,417,188",,,"7,645,962","Å¶1 1,626,061","4,269,041","6,606,392","654,607"
2221,"8,107,394","1,269,921",,,"13,824,296","54,002,366","54,356,531","3,444,491","16,872,843"
2229,"123,477","34,572",,,"77,280","1,984","11,723","42,585","13,652"
2266,"24,259,601","8,635,071",,,"26,222,472","1,426,078","5,740,747","26,449,823","1,727,682"
2304,"2,801,102","802,454",,,"1,450,687","482,190","906,465","1,847,815","975,620"
2321,"311,140","217,172",,,116,"41,568","60,379","56,720","156,241"
2329,"55,486","31,898",,,"19,759","12,913","15,136","14,310","4,514"
2330,"3,088,243","1,055,858",,,"284,457","17,169","425,312","2,154,877","551,415"
2331,"227,617","60,833",,,"103,383","55,639","107,217","103,793","73,243"
2335,"7,253,810","4,467,541",,,"193,249","1,169,963","1,988,358","2,357,766","571,106"
2371,"47,196",,,"2,453",,,,"16,907",
2374,"13,414,187","5,783,729",,,"8,097,443","Å¶5 150,675","3,813,284","6,950,881","6,811,459"
2376,"6,349,441","4,398,968",,,"5,169,783","519,312","2,016,042","1,854,355","4,895,538"
2384,"104,997","22,091",,,"102,310",,"21,177","115,946","76,849"
2389,"61,852","37,493",,912,,"4,095","5,256","21,996","8,847"
2393,"7,833,435","677,472",,,"10,603,705","Å¶ 422,729","1,586,376","4,501,006","1,116,983"
2395,"14,780,029","7,230,744",,,"12,897,971","8,286,937","9,080,641","11,915,803","9,217,814"
2406,"3,654,818","2,302,946",,,"3,557,669",,"1,879,749","3,894,958","2,761,451"
2410,"3,753,346","2,263,555",,"199,474",,,,"1,543,692","205,692"
2411,,,,,599,129,454,,
2413,"164,109",,,"12,198",,,,"50,308",
2432,"129,887",,,"2,301",,,,"40,976",
2436,"2,457,034","1,459,632",,"66,549",,"123,542","467,384","861,134","315,710"
2445,"24,907,670","8,032,422",,,"27,480,458","504,898","3,240,463","19,554,343","18,131,625"
2467,"498,077","196,768",,,"3,709",-,"74,957","402,439","113,815"
2469,"20,490,325","3,816,134",,,"8,524,613","112,458","3,881,817","17,582,482","9,781,975"
2471,"5,360","2,238",,,"5,332",,582,"5,710","1,202"
2491,"17,352,200","11,057,328",,,"139,537","565,856","798,408","6,563,537","21,116"
2493,"3,917,816","2,884,212",,"299,861",,,"850,193","817,161","550,737"
2503,"805,814",,,"533,238",,,,"696,798",
2590,"80,336","32,569",,,"42,333","19,364","26,164","38,166","36,818"
2593,"172,109","75,210",,,"80,097",,"22,566","59,248","75,370"
2607,"160,736","20,463",,,"129,435","7,411","15,441","91,017","104,604"
2612,"19,789","2,861",,,"13,510","1,983","2,616","5,166","2,047"
2659,"60,626","40,124",,,"102,836",489,"10,340","36,439","6,997"
2666,"2,243,705","1,129,571",,,"4,913,022",,"841,873","1,029,502","3,652,735"
2669,"18,487,494","12,653,492",,,"9,952,620","466,125","1,459,148","6,590,412","334,753"
2674,"9,068,949","2,197,245",,,"3,328,376","2,436,524","5,170,133","3,964,008","1,102,267"
2675,"3,061,791","997,186",,,"3,065,273","100,824","4,445,591","13,319,982","3,757,257"
2681,"113,687","51,865",,,"28,177","1,766","25,524","41,038","55,717"
2686,"36,203","1,372",,,"1,928",49,"5,333","36,930","2,681"
2721,"336,830","124,821",,,"24,222",,"31,685","41,038","1,666"
2733,"184,700","21,784",,,"49,827","12,943","17,147","133,754","30,682"
2735,"17,439,798","7,586,464",,,"1,653,364","406,946","3,185,872","10,384,201","1,354,776"
2743,"1,967,278","151,420",,,"1,139,564","1,000","64,726","3,215,397",-
2760,"82,721","5,680",,,"1,820",,"4,633","39,997","21,220"
2768,"1,217,464 1,195,403",,,"157,995 191,292",,,,"754,356 734,754",
2782,"79,393","53,593",,,"21,170",339,"14,747","23,570","6,613"
2802,"585,169",,,"486,443",,,,"336,339",
2805,"71,790","26,591",,,"40,899","7,344","11,866","45,810","24,462"
2810,"156,909","78,905",,,"89,942","60,268","78,278","51,327","30,532"
2813,"3,693,482","1,058,759",,,"3,823,858","145,330","398,900","3,128,255","1,546,747"
2815,"79,407,920","54,877,790",,,"20,055,546","Å¶1 10,852,886","11,825,173","8,947,635","3,866,006"
2830,"9,614,053","685,014",,,"6,102,249","180,931","959,383","4,510,612","1,643,226"
2884,"14,828,843","4,942,264",,,"3,843,649",,"698,884","7,009,537","8,821,680"
2892,"21,457",177,,,"12,025",284,"2,314","11,735","4,559"
2894,"4,066,814","2,579,907",,,"1,803,682","462,312","523,850","3,227,833","583,514"
2914,"1,930,842",,,"767,178",,,,,
2915,"26,317","12,385",,,"29,451","5,077","6,385","15,004","11,738"
2925,"10,365","4,437",,,"13,912",551,"1,011","8,932","2,288"
2928,"85,548",,,"21,989",,,,,
2929,"13,584,423","5,714,022",,,"1,750,853","134,510","722,903","10,097,333","1,852,002"
2930,"5,857,845","3,612,973",,,"99,595",,"215,237","1,022,521",
2931,"10,898,393","6,982,831",,,"4,141,931","3,340,960","3,680,209","5,516,041","4,772,194"
2974,"30,768,478","10,833,643",,,"1,278,248",,"392,446","19,591,366","6,088,290"
2986,"14,664,248","3,147,974",,,"8,973,031",,,"6,419,628","13,505,039"
2987,"6,630,359","2,853,115",,,"91,719",,"62,339","2,241,606","2,042,779"
3035,,,,,,,,"4,619,280","534,592"
3040,"12,137","7,228",,"1,253",,123,"1,464","7,852",153
3050,"207,183","79,956",,,"202,169","25,292","69,170","117,255","139,385"
3053,"5,849","4,229",,,"4,244",,"2,239","7,330","3,622"
3054,"7,229,272","3,356,899",,"50,741",,"77,048","267,146","3,835,903","587,413"
3055,"93,694","20,434",,,"19,102","16,668","18,320","74,937","3,647"
3101,"212,963","34,695",,,"224,640","26,503","48,911","131,444","171,109"
3107,"331,461","32,058",,,"39,172","6,606","10,426","230,519","23,916"
3133,"314,912","44,796",,,"214,596",,"187,216","815,656","555,137"
3159,"96,759","22,952",,,"23,207","2,908","12,880","70,030","22,844"
3187,"2,669,469","653,667",,,"659,439","231,308","1,343,325","2,639,344","188,907"
3199,"30,544,558","5,191,447",,,"21,542,034","1,555,763","4,810,020","25,164,532","16,208,375"
3201,"80,548","31,722",,,"38,858","23,820","28,022","38,379","14,447"
3223,"1,155,826","733,338",,,"107,355","1,500","331,556","1,790,011","140,175"
3231,"1,043,321","71,625",,,"714,224","86,428","145,292","269,322","1,065,633"
3264,"66,856","17,116",,,"3,080",,"5,682","25,653","22,927"
3266,"2,629",600,,,434,118,348,452,666
3276,"9,373,218","5,128,269",,,"3,143,444",,"741,879","3,296,874","3,661,348"
3302,"40,040,255","9,967,610",,,"8,460,483","26,015,400","26,372,731","8,878,766","8,219,114"
3316,"4,762,940","2,496,941",,,"615,613","115,674","318,403","1,922,540","350,488"
3322,"6,504,453","2,840,173",,,"760,559",,"1,122,786","3,230,306","817,166"
3356,"4,515,795","2,418,826",,,"208,916","57,336","374,610",,
3374,"15,585,594","9,512,844",,,"3,454,676","619,086","1,408,434","8,839,471","3,577,135"
3396,"26,550","16,697",,,"6,593","1,178","1,445","14,348","3,314"
3401,"534,580","170,185",,,"282,291","84,797","145,212","310,054","298,116"
3421,"26,967,661","11,912,633",,,"23,917,977",,"3,428,940","13,277,998","2,795,143"
3434,"28,708","7,912",,,"19,288","3,922","4,517","16,921","12,217"
3440,"9,055,474","6,464,584",,,"2,826,928","41,129","93,429","1,543,350","1,036,015"
3454,"72,400,228","5,006,098",,"560,319",,,,"6,017,260","50,267,055"
3458,"51,574,940","17,454,477",,,"4,553,723","6,605,695","14,573,662","16,608,482","29,161,043"
3475,"25,232,858","5,606,210",,"51,143",,,,"13,144,628","5,014,780"
3477,"6,274,979","2,161,923",,,"215,550",,"76,620","3,145,877","610,664"
3480,"12,544,088","10,855,989",,,"24,701,245",,"5,320,766","11,975,690","15,067,850"
3482,"53,992","6,406",,47,,,,"4,879","41,430"
3484,"4,397,518","2,908,850",,,"446,035",,"5,553,017","1,755,621","5,711,746"
3486,"20,525,297","1,245,179",,"252,450",,,"561,912","10,753,719","6,485,898"
3490,"4,273,134","2,384,506",,,"1,102,890","1,632","89,940","1,029,607","2,934,874"
3491,"17,794","13,942",,"1,319",,,,"4,309","5,025"
3494,"2,270,054","900,195",,,"13,623,877","107,110","291,453","2,817,352","9,594,049"
3496,"1,572,807","1,204,998",,"84,565",,,"280,907","418,179","552,901"
3498,"7,908,985","3,029,039",,"2,174,885",,,,"4,241,712","2,725,264"
3536,"9,044,870","4,054,933",,,"8,027,492","104,893","1,190,164","11,797,514","4,595,282"
3540,"15,378","3,605",,,"1,516",160,642,"3,745",411
3541,"1,918,722","984,683",,"58,015",,,,"1,010,094","280,737"
3543,"27,938",,,"12,819",,,,"23,771",
3550,"3,545,671","2,348,216",,,"160,524",,"549,114","635,620","692,528"
3556,"8,412,374","2,720,284",,"363,935",,,,"3,610,024","4,193,588"
3559,"1,377,330","1,007,566",,,"12,264",,"92,522","330,153","14,435"
3562,"5,026,490","1,911,838",,,"648,390","29,018","602,989","3,066,297","1,533,533"
3566,"2,087,915","1,471,554",,,"992,423",,,"888,071","111,265"
3577,"5,443,096","2,274,560",,,"5,269,097","1,796,665","2,124,746","3,075,901","2,971,299"
3607,"5,845,151","4,770,951",,,"5,239,975","18,015","3,257,633","8,209,787","3,607,684"
3626,"229,965","83,318",,,"64,197","86,005","125,760","100,915","70,726"
3627,"3,995,160","2,050,141",,,"204,464","77,924","2,165,595","1,457,104","186,443"
3630,"39,096,675","11,841,581",,,"3,137,651","1,994,230","2,471,264","28,525,449","1,740,434"
3636,"61,266","21,174",,,"10,530","16,073","23,734","22,529","14,789"
3640,"9,026,101","678,382",,,"6,865,715","398,707","1,429,797","8,149,657","4,867,032"
3646,"2,864,778","2,584,503",,,"94,160","18,702","163,624","261,223","183,092"
3647,"3,333,903","961,999",,,"77,886",,"118,890","503,260","747,110"
3649,"3,289,385","1,824,472",,"76,828",,,,"596,629","184,648"
3653,"4,709,648","4,374,555",,,"170,645","163,798","301,490","305,831","47,286"
3665,"12,339,150","11,807,725",,,"68,746","193,341","318,638","3,509,476","7,152"
3667,"1,585,717","937,857",,,,,"332,367","1,038,623","2,044"
3673,,,,,,,,"6,393,268",
3676,"9,744,997","5,076,396",,,"598,606","191,529","1,324,469","7,904,503","119,536"
3677,"5,002,704","3,187,337",,"136,145",,"501,006","986,916","1,696,830","418,992"
3678,"33,902","12,703",,,303,"2,761","2,651","25,425","5,593"
3681,"5,299,218","2,545,945",,"1,616,177",,,,"5,767,283","1,514,495"
3686,"3,156,214","2,593,580",,,"18,830","622,027","680,554","428,584","77,022"
3688,"37,979","15,169",,"1,446",,"4,501","5,920","23,815","1,508"
3689,"2,073,557","542,436",,"171,251",,"216,118","1,051,861","1,854,295","232,789"
3738,"183,612","49,401",,,"4,487","4,119","22,603","148,474","21,325"
3744,"5,732,009","2,648,683",,,"128,760","251,527","563,290",,
3762,"24,110,992","8,929,277",,,"690,470","801,307","3,784,265",,
3765,"118,886","102,743",,,879,59,"5,596","14,896","1,219"
3772,"23,610,359","2,159,660",,,"97,310","1,769,387","2,019,856","1,707,478","15,418,894"
3774,"93,404,657",,,"17,084,401",,,,"73,259,027",
3775,"2,389,210","841,359",,,"54,483","2,000","38,473","375,853","416,960"
3782,"2,617,054","1,713,292",,,"280,413","96,111","208,993","470,290","231,773"
3784,"13,956,778","6,819,846",,,"1,282,726",,"1,867,588","6,111,112","2,826,692"
3803,"670,576","321,458",,,0,"94,975","129,173","120,598","332,275"
3807,"513,821","235,211",,"58,575",,"1,546,395","1,672,856","255,659","78,735"
3816,"3,180,924","2,727,203",,,"1,130,080",,"594,349","512,999","315,791"
3817,"25,094","8,940",,,189,"9,029","12,279","11,104","4,351"
3826,"2,544,665","1,473,588",,,"58,674","110,273","325,537","1,066,973",-
3830,"8,479,676","3,489,979",,,"1,856,362","204,476","682,757","3,820,779","3,264,681"
3834,"8,495","4,239",,,"2,370","1,059","1,368","1,821",
3837,,,,,,,,"2,029,009",
3840,"955,322","205,657",,,"28,838",,"28,679","392,572",-
3843,"26,380,267","15,504,664",,"3,033,282",,"2,029,947","3,044,536","12,234,414","8,181,679"
3845,"1,043,481","475,313",,,256,,"47,590","520,792","141,516"
3848,"3,699,276","3,460,713",,,"188,747","505,456","723,668","866,851","86,463"
3854,"5,162,534","2,498,604",,"458,611",,,"1,149,450","2,065,595","1,557,863"
3857,"16,349,114","6,367,346",,,"2,214,212","Å¶1 1,203,797","2,941,986","10,032,451","2,933,060"
3861,"668,770","130,529",,,"1,041,413","163,961","259,083","441,713","674,117"
3864,"88,614","15,701",,,"Å¶1 88,934","Å¶1 20,231","30,298",,
3878,"18,482","4,060",,,"16,538","4,652","5,099","15,852","9,492"
3891,"14,555,754","4,578,740",,,"9,228,137","255,532","1,177,666","4,979,982","3,444,928"
3908,"1,829,670","1,539,510",,,"261,849",,"65,175","304,311","146,141"
3915,"8,845,697","6,094,887",,,"387,577","5,021,198","5,583,754","3,563,262","1,544,681"
3919,"6,921,940","5,049,032",,,"85,375","239,478","638,171","3,127,739","454,935"
3920,"2,381,848","1,171,678",,"43,795",,"378,548","593,425","1,153,469","341,439"
3922,"3,051,215","2,531,595",,,"87,609",800,"170,962","968,112","5,357"
3927,"1,750,730","1,529,598",,,0,"144,027","281,895","364,093","435,432"
3928,"3,447,888","1,836,046",,"58,802",,"205,905","856,271","1,177,461","584,454"
3932,"38,256","27,986",,,571,"6,092","7,199","5,997","4,278"
3939,"2,025,870","1,899,510",,"46,800",,,"92,823","383,238","12,061"
3943,"13,697,931","7,053,667",,,"6,749,358","1,175,528","1,879,905","5,772,834","1,982,382"
3947,"20,591,288","2,484,142",,,"21,420,673","22,025,361","23,075,987","18,337,681","8,527,231"
3954,"16,205,812","7,575,986",,,"4,747,924","6,036,082","6,820,219","6,715,801","2,050,438"
3955,"8,616","2,922",,,"7,495","1,206","2,509","4,065",536
3961,"1,056,559","824,554",,"26,345",,,"21,638","119,295",
3977,"484,584","211,376",,,"70,221","25,590","48,330","201,649","179,713"
3987,"1,692,830","701,956",,"157,064",,,"106,280","548,949","415,243"
3991,"1,950,576","1,672,982",,"96,981",,,"182,258","912,134",
3992,"2,970,456","2,038,930",,,"37,670","111,775","392,454","838,128",-
3994,"12,525,363","7,603,084",,"479,787",,"2,358,779","3,292,478","7,884,293","3,011,526"
3996,,,,,,,,"494,289","346,013"
4016,"1,116,719","387,495",,"21,602",,,,"728,067","193,262"
4017,"3,568,212","2,885,204",,,"18,517",,"107,530","2,313,503","298,928"
4019,"1,448,444","1,398,105",,"4,488",,,,"535,437","103,746"
4020,"557,014","437,614",,"4,220",,,,"94,261","4,432"
4021,,,,,,,,"59,744","5,202"
4027,"36,979","13,329",,,"17,624","11,797","12,806","9,999","8,948"
4044,"132,113","27,975",,,"103,382","42,514","48,034","59,116","56,706"
4046,"73,876","17,436",,,"20,536","22,965","24,178","26,818","15,322"
4053,"6,187,626","5,241,695",,,"81,236","175,614","277,474","1,012,047","166,063"
4055,"1,425,951","1,024,808",,"22,760",,,,"220,023","48,254"
4061,,,,,,,,"155,062","100,935"
4063,"1,914,909","866,882",,,"1,165,149","150,573","291,635","363,246","130,743"
4100,"23,065","6,629",,,"10,709","3,526","7,807","19,051","13,356"
4102,"8,677,685","3,461,053",,,"3,174,084","4,388,409","4,707,288","3,109,922","3,677,371"
4151,,,,,,,,"79,181",
4168,"3,361,584","2,922,173",,"191,036",,,,"582,990","187,522"
4170,"3,341,018","3,057,759",,"4,235",,,"151,177","273,245","250,000"
4176,"1,867,300","1,454,822",,,"108,944",,"188,185","1,880,454",
4177,"2,574,760","2,439,458",,,"55,462",,"110,779","1,145,144","562,570"
4178,"1,208,076","616,156",,"1,294",,,,"479,877",
4193,"1,624,557","1,054,884",,,"299,713","10,106","191,883","1,020,049","440,034"
4228,"62,744","12,531",,,"61,432","21,350","30,889","43,305","44,475"
4235,,,,,,,,"7,900",
4243,"3,321,603","1,737,504",,,"1,910,596","16,192","197,475","995,447","915,777"
4274,"1,882,268","868,191",,,"1,742,288",,,,
4275,"20,746","5,547",,,"19,874","8,979","10,248","12,834","9,142"
4284,"7,477,501","4,527,520",,"635,887",,"1,395,067","2,572,799","2,376,038","2,104,462"
4304,"6,394,852","4,768,232",,,"314,560","254,810","900,138",,
4307,"324,298","154,847",,,"61,207","32,754","156,902","154,458","119,108"
4308,"9,754,573","6,525,595",,,"510,341","3,991","372,762","2,390,736","280,285"
4320,"6,384,254","2,485,309",,"572,915",,,"1,954,866","3,038,990","1,332,755"
4323,"9,696,321","4,854,727",,,"542,601","632,126","2,243,803","4,388,151","1,623,034"
4341,"9,188",929,,,964,41,923,"5,670",167
4345,"8,563","6,216",,,"4,078",,420,"2,539","1,786"
4348,"43,964","29,956",,,"1,054","7,494","9,776","14,241",355
4355,"5,329,905","2,491,173",,,"12,614,099","21,975","1,028,144","8,544,968","7,961,499"
4356,"4,077,780","630,568",,"121,442",,,"246,286","1,215,862","54,665"
4386,"1,669,764","714,276",,,"68,136","1,605","839,895","738,312","311,323"
4387,"1,881,116","1,253,624",,,"31,229","35,000","142,157","641,694","15,322"
4394,"1,443,219","1,269,455",,"18,700",,,,"99,017",
4396,"5,071,071","2,403,769",,"335,507",,,,"3,044,913","534,424"
4397,"2,790,524","2,481,754",,"64,753",,,,"1,596,377",
4403,"155,176","78,669",,,"62,212","47,744","53,158","48,360","19,659"
4422,"707,497","647,444",,"67,375",,,,"94,065","1,124"
4427,"15,839,020","12,143,092",,"555,299",,,,"5,025,823","4,669,795"
4428,"1,351,491","1,169,518",,"35,839",,,,"319,136","55,187"
4435,"2,262,608","1,955,069",,,"235,914","96,146","500,954","1,597,747","454,858"
4439,"7,409,238","4,144,437",,"340,467",,"24,444","352,743","2,998,752","356,444"
4461,"43,997","11,595",,,"34,317","4,372","5,884","22,071","25,556"
4463,"27,660","9,209",,,"23,511",,"3,430","17,874","12,069"
4481,"7,733,955","5,698,028",,"36,790",,"868,084","1,140,106","1,650,638","199,830"
4486,"1,542,761","1,511,691",,,"92,403",,"57,423","474,618","21,293"
4491,"3,068,624","2,045,720",,,"29,586","288,731","570,644","799,675","542,209"
4503,"872,588",,,"264,623",,,,,
4506,"459,795",,,"64,966",,,,"278,147",
4512,"7,638,052","2,843,762",,,"3,526,508","2,466,163","3,206,634","1,712,726","1,474,174"
4523,"521,405",,,"144,638",,,,"251,965",
4524,"6,111","2,703",,,"4,734","3,148","3,211","2,074","2,098"
4526,"53,326","19,230",,,"27,861","20,573","24,667","52,812","7,048"
4541,,,,ì˙à„çHäÚïåçHèÍÇÃòAåãéqâÔé–âªÇ»Ç«,,,,,
4544,"118,013","42,961",,,"61,162","10,388","45,966","62,918","74,534"
4548,"43,558","15,192",,,"8,302","14,373","15,703","5,609",702
4552,"48,545","26,260",,,"17,172","2,572","4,833","29,028","6,199"
4556,"4,057,857","2,243,770",,,"2,531,546","156,554","275,389","1,893,860","408,961"
4558,"2,956,746","1,457,724",,,"1,730,512","29,886","416,234","2,026,715","698,994"
4569,"114,027","27,445",,,"23,896","Å¶1 23,645","25,417","27,407","15,057"
4574,"16,128","4,706",,,"9,878","1,229","2,235","5,165","1,498"
4578,"1,014,750",,,"469,505",,,,,
4579,"3,328,551","2,035,009",,,"362,107","887,792","901,229","357,668","52,507"
4592,"13,131,925","12,480,165",,,"141,784",-,"16,464","2,468,900","2,525,000"
4598,"2,115,321","2,088,612",,,"41,594",,"4,264","82,465",
4612,,,,,,,,"339,998",
4617,"72,132","24,683",,,"24,449","Å¶1 7,211","8,185","36,187","5,870"
4621,"26,033","14,663",,,"16,192","3,353","4,302","4,922","3,198"
4625,"8,829,315","2,823,839",,,"4,366,828","679,239","1,003,033","4,187,478","690,431"
4627,"17,585,153","7,292,633",,,"6,394,342","417,199","605,513","4,650,432","742,457"
4649,"6,423,261","3,014,197",,,"3,534,642","2,381,943","4,093,523","3,349,985","2,809,158"
4650,"1,459,134","900,903",,,"4,447,056","26,676","938,993","2,990,784","2,475,249"
4658,"20,156","Å¶2 6,686",,,"8,284","5,620","6,311","10,360","4,161"
4667,"5,428,504","4,213,646",,,"716,484","623,436","760,454","1,041,805","313,250"
4671,"21,449","11,618",,,"9,200","3,824","5,839","10,239","6,343"
4680,"54,019","44,851",,,"79,257",,"16,499","24,258","85,425"
4709,"10,487,021","5,016,411",,,"1,437,746","1,428,364","2,563,596","6,236,145","1,152,193"
4714,"7,018,304","3,963,694",,,"3,115,682","124,027","3,628,859","4,600,399","2,764,692"
4719,"29,811,112","20,532,135",,,"Å¶ 9,683,509","1,386,622","4,799,033","6,619,542","1,496,288"
4722,"26,735,712","16,811,732",,,"1,188,267","16,780,050","18,377,969","6,593,028","4,384,081"
4732,"81,528","67,770",,,"103,302","1,248","10,680","26,922","10,253"
4752,"5,434,556","4,593,754",,,"170,248","242,789","1,161,237","950,293","2,105,804"
4760,"2,964,795","1,350,872",,,"1,334,106",,"179,553","1,824,020","710,941"
4771,"4,133,084","3,506,240",,,"2,608,872","522,421","1,274,273","1,647,632","115,832"
4812,"76,303","3,276",,"4,009",,,"9,945","31,287","2,944"
4820,"10,759","7,905",,,"1,371",679,"8,499","3,898","1,885"
4826,"12,561,798","5,440,551",,,"202,326","1,414,857","2,378,185","2,561,429","100,007"
4838,"4,561,140","2,825,288",,,"911,575","330,512","1,273,861","2,308,795","757,631"
4840,"2,012,749","1,449,498",,,"3,964,453","165,234","368,513","360,049","1,923,861"
4888,"1,810,866","1,251,276",,,"68,485",,"89,512","319,118","1,498,686"
4901,,,,,,,,,
4917,"39,775","16,143",,,"28,387","10,735","12,031","12,298","5,899"
4918,"2,850,291","113,430",,,"812,079",-,"1,017,042","2,201,325","965,125"
4922,"205,031","103,391",,,"62,892","15,184","26,308","61,608","5,478"
4926,"4,401,315","2,323,792",,,"3,669,948","375,971","1,391,478","1,440,893","527,339"
4936,"2,939,088","1,421,336",,"309,193",,,,"593,506","161,747"
4960,"7,874,082","2,137,101",,,"5,404,031","130,588","356,396","5,970,489","3,147,955"
4963,"21,824,442","3,855,589",,,"15,405,934","942,177","1,684,737","8,732,245","762,711"
4973,"8,096,622","4,369,972",,,"210,343","7,723,637","7,766,638","1,042,889","1,857,375"
4974,"49,115","25,993",,,"29,766",,"1,495","13,191","2,256"
4978,"5,244,972","2,601,406",,,"173,576","543,232","592,137","553,429","103,003"
4979,"16,375","3,402",,"3,599",,,,"12,655","9,729"
4980,"43,259","20,531",,,"22,635",,"6,252","25,552","16,344"
4985,,,,,,,,"55,049","4,846"
4992,"33,132","1,102",,,"8,621","7,319","7,561","14,100","4,896"
4998,"29,866,167","6,578,216",,,"8,466,327","5,726,924","6,326,077","24,112,233","2,236,751"
4999,"16,985,991","5,987,114",,,"4,040,864","734,093","1,242,082","7,630,985","1,387,393"
5013,"19,330","8,077",,,"11,325","10,784","12,511","9,758","6,441"
5021,"605,808","52,972",,,"865,433","122,402","193,303","752,488","507,408"
5070,"2,890,078","1,776,379",,,"869,712",,"621,440","1,733,081","639,012"
5108,,,,,,,,"1,117,454",
5184,"38,922","16,085",,,"20,446","2,805","3,849","14,098","6,469"
5189,,,,,,,,"4,606,176","2,605,440"
5192,"68,751",,,,,,,,
5208,"42,355,204","13,215,508",,,"13,217,395","10,666,038","11,439,946","14,118,258","5,694,340"
5218,"28,620,405","12,485,812",,,"15,808,748","4,775,512","5,332,395","7,989,660","5,638,329"
5277,"3,874,844","2,664,828",,,"3,898,732","318,866","366,035","921,643","439,721"
5285,"7,578,185","1,723,783",,,"5,589,022","239,331","676,450","7,568,496","1,377,119"
5290,"30,376,708","11,761,051",,,"11,881,861","1,219,688","3,726,493",,
5302,"42,220","14,835",,,"20,142","4,978","7,601","15,501","4,353"
5344,"53,714,567","34,088,967",,,"22,332,378","248,510","1,752,489","9,612,119","2,103,651"
5356,"9,576,487","2,695,659",,,"5,560,349","1,539,009","2,030,392","4,777,866","1,389,272"
5357,,,,,,,,"4,967,171","1,396,882"
5358,"11,691","3,857",,,"6,521","1,218","2,050","3,423","1,374"
5406,"1,156,180","262,345",,,"1,078,619","172,415","311,508","815,747","997,750"
5440,"169,894","66,959",,,"94,377","10,660","14,396","80,622","37,077"
5476,"21,344",164,,,"13,625",879,"2,180","17,182","5,319"
5491,"30,978","8,771",,,"29,608","2,098","3,463","25,578","18,123"
5603,"15,542","2,601",,,"9,834","2,119","2,204","11,159","3,395"
5699,"2,859,370","1,678,573",,,"1,973,934","275,437","472,402","1,501,191","610,019"
5707,"56,979","5,934",,,"35,978","6,981","10,509",,
5711,"1,039,894","153,086",,,"665,402","217,477","283,818","858,838","562,313"
5715,"88,625","17,748",,,"Å¶2 89,817","Å¶3 34,449","39,490","47,839","76,071"
5724,"3,804,464","1,682,141",,,"2,891,363","116,348","357,233","2,569,015","1,278,558"
5741,"294,502","28,085",,,"355,809","14,325","38,130","251,150","285,365"
5803,"317,374","74,740",,,"183,994","27,676","53,425","216,316","168,324"
5817,"3,309,993","536,717",,,"3,372,410","93,912","1,759,217","1,774,322","2,255,077"
5857,,,,,,,,"119,568",
5911,"104,632",,"19,602",,"39,072","17,282","24,516","40,789","24,960"
5918,"21,758",,"9,925",,"12,445","9,249","9,527","3,793","3,821"
5922,,,,,,,,"7,729,478","10,237,605"
5933,"33,185,229","5,535,238",,,"14,533,863","1,671,110","6,520,764","16,159,280","11,605,588"
5949,,,,,,,,"128,178","30,147"
5957,"30,138,901","10,057,208",,,"12,978,047","1,618,564","3,905,235","12,985,291","4,708,949"
5959,"54,772","15,899",,,"21,454","7,612","9,421","20,031","10,391"
5986,"14,157,000","3,479,988",,,"6,117,748","1,578,394","2,231,372",,
6028,"56,797",,,"1,656",,,,"40,325",
6033,"2,995,046","1,777,970",,,"57,585","1,274,753","1,540,971","1,236,459","95,280"
6034,,,,"88,363",,,,,
6046,"1,958,023","1,821,500",,"8,508",,,"66,624","139,664","14,300"
6049,"8,263,234","7,699,335",,"210,809",,,,"491,825","57,665"
6050,"4,365,809","3,253,486",,"505,575",,,,"1,339,817","277,048"
6054,"3,630,636","2,777,009",,-,,,"182,160","442,881","41,932"
6074,"1,267,009","948,026",,,"4,836,631","2,100","904,021","2,020,235","2,631,658"
6078,"3,957,158","2,396,456",,,"9,039,827",,,"4,031,394","7,099,333"
6089,"23,570",,,"1,082",,,,"24,790",
6091,"9,682,854","2,637,842",,,"3,480,947","2,500,771","4,167,283","3,342,129","243,826"
6094,"13,358,741","6,597,181",,"177,154",,"5,482,644","6,204,333","8,919,134","6,366,391"
6095,"6,628,961","5,128,935",,"99,790",,,,"1,184,844","206,829"
6104,"102,752","42,417",,,"20,758","8,341","10,213","38,969","13,174"
6141,"221,676",,,"131,637",,,,"230,518",
6143,"89,767","46,673",,,"30,461",,"6,035","37,798","30,096"
6151,"44,054","26,004",,,"12,076","3,118","4,539","3,144","4,074"
6157,"10,895,417","7,674,235",,,"5,477,067","49,655","529,299",,
6159,"7,649,655","3,978,051",,,"2,970,909","2,178,121","2,289,364","1,099,258","255,360"
6176,"3,361,716","1,652,265",,"31,332",,,"442,265","822,085","509,444"
6181,"1,502,495","562,556",,,"735,823","136,774","782,265","2,414,385","3,002,369"
6182,"2,845,577","2,276,395",,,"431,406","664,923","1,003,523","2,058,843","1,308,428"
6188,"3,536,955","1,959,873",,,"739,665",,,,
6197,"24,196","8,973",,,"12,083",589,"8,111","20,580","21,050"
6200,"3,801,815","2,846,806",,,"1,104,074",,,"2,373,025","65,382"
6238,"19,573,842","12,255,623",,,"2,574,510","25,303","1,372,273","4,241,582","6,629"
6247,"32,597","15,115",,,"14,863","13,637","17,124","9,306","2,558"
6250,"87,034","11,923",,,"22,904",,"6,699","40,088","14,198"
6271,"23,375","12,690",,,"12,584","6,765","8,525","2,608",115
6273,"1,096,953","629,291",,,"198,540","72,383","232,987",,
6276,"3,060,077","1,293,241",,,"328,794","245,374","280,805","963,357","103,053"
6287,"74,641",,,,,,,,
6291,"15,729,286","6,380,900",,,"3,674,779",,"629,670","6,504,070","965,690"
6301,,,,"787,373 20.8",,"8,236",,,
6306,"32,381","12,491",,,"9,183","4,528","6,472","14,418","2,827"
6324,,,,,,,,"7,954,093","22,014,261"
6336,"7,045,151","2,502,368",,,"4,644,373","62,328","317,346","5,007,039","3,708,337"
6338,"6,838,509","2,612,410",,,"2,000,472","435,042","798,999","3,890,215","457,945"
6356,"8,319,570","2,949,846",,,"1,626,303","628,542","1,254,488","2,011,730","775,785"
6369,"31,616","7,413",,,"15,641","9,909","11,024","13,086","9,193"
6370,"176,482",,,"117,603",,,,"74,952",
6376,,,,"51,853",,,,,
6383,"350,604","94,167",,,"49,547","14,965","35,289",,
6400,"3,571,614","776,497",,,"3,526,244","160,087","388,183","3,603,639","2,008,031"
6403,"17,622","4,883",,,"2,074",996,"2,107","9,558","2,525"
6406,,,,,,,,"74,152","5,778"
6418,"25,814,488","12,433,846",,,"3,072,464","1,093,062","2,858,723",,
6425,"73,307","30,721",,,"441,677","17,496","64,096","70,813","150,241"
6448,,,,,,,,"151,489",
6465,"288,826","220,218",,"42,764",,,,"88,953","23,377"
6470,"57,788","21,308",,,"46,818","3,586","7,108","23,174","26,215"
6481,"295,546",,,"150,200",,,,,
6482,"22,509,500","11,690,730",,,"10,531,559","285,724","1,393,012","5,321,953","167,319"
6506,"303,423",,,"86,475",,,,,
6513,"23,943","7,287",,,"10,382","4,986","6,056","8,223","9,104"
6532,"22,764",,,"2,027",,,,"10,653",
6533,"6,794,989","4,391,415",,"86,540",,,,"3,539,107","515,788"
6544,"8,168,296","1,674,107",,,"8,175,047","120,005","1,520,335","7,242,580","2,725,803"
6549,"3,254,146","1,107,765",,,"1,211,134",,"368,146","2,238,742","531,132"
6553,"5,574,050","2,586,877",,,"580,900",,"307,170","4,129,915","235,719"
6555,"1,308,027",,,"21,510",,,,"831,849",
6558,"1,444,629","1,202,352",,,"65,610",,"126,220","809,496","204,890"
6565,"3,574,556","2,981,739",,,"16,108,277",500,"730,181","2,667,896","11,785,566"
6568,"5,137,236","1,962,975",,,"6,961,242","264,533","621,780","1,286,902","1,373,275"
6570,"6,046,515","4,647,204",,,"3,321,721","116,904","1,596,732","3,235,082","4,723,501"
6572,"15,178,613","13,405,199",,,"134,755","821,751","1,341,356","3,693,527","1,703,339"
6579,"1,996,705","1,639,261",,,"33,387","141,167","237,943","780,042","258,790"
6584,"50,735","14,418",,,"28,629","5,690","7,232","33,929","17,452"
6614,"2,118,853","576,565",,,"830,370","98,141","645,967","1,360,838","1,031,172"
6616,"22,421,604","11,737,170",,,"5,965,946","966,440","2,205,227","7,679,092","4,043,114"
6628,"5,106",470,,,82,913,"1,115","8,400",294
6632,"167,451",,,"52,127",,,,"106,541",
6634,"2,334,682","798,723",,"358,875",,"1,601,441","2,060,982","1,758,132","1,891,695"
6638,"39,163,076","10,839,746",,,"9,288,734","131,334","1,895,369","24,969,051","9,656,381"
6640,"38,480","12,674",,,"44,242",,"2,479","18,804","14,792"
6643,"17,403,159","6,651,576",,,"5,140,791","987,420","2,944,572","5,934,509","3,158,811"
6663,"2,797,877","1,602,557",,,"1,450,910",,"620,736","1,137,480","1,256,485"
6664,"11,270,881","6,170,166",,,"2,387,330","3,395","305,996","4,550,586","5,165,126"
6696,"672,360","473,018",,,"127,504",,"100,187","198,846","10,389"
6701,"1,860,832",,,"10,743",,,,"1,197,523",
6702,"1,873,092",,,"569,593",,,,,
6703,"222,170","44,845",,,"51,314","38,632","86,091","154,151","105,795"
6724,"739,997",,,"344,637",,,,,
6730,,,,,96,783,985,,
6737,"71,506","9,382",,,"18,858","56,149","57,266","17,929","17,679"
6753,"1,188,770","341,917",,,"438,486","164,181","254,855","885,582","677,505"
6754,,,,"25,277",,,,,
6777,"7,080,000","4,207,862",,,"3,403,710","1,886,447","2,063,017","1,461,842","713,428"
6794,"59,040","15,470",,,"15,213","1,482","2,790","18,738","2,501"
6804,"138,138","52,371",,,"16,499","4,945","6,840","36,609","16,034"
6806,"248,047",,,"61,182",,,,"32,012",
6817,"48,150",,,"38,513",,,,"33,383",
6824,"29,954,439","14,708,742",,,"7,558,707","4,470,904","6,706,282","7,478,213","2,974,404"
6841,"345,311","102,916",,,"84,579","50,887","62,887","168,993","35,317"
6857,"279,095",,,"41,613",,,,"89,811",
6861,"1,158,223","401,201",,,"23,806","813,077","823,592","94,521","2,507"
6863,"10,403,012","4,679,178",,,"2,934,692","1,499,411","1,779,319","1,347,428","450,035"
6866,"18,915,672","12,822,679",,,"10,380,528",,,"2,790,158","1,369,064"
6869,"230,833",,,"96,140",,,,,
6875,"50,866,164","21,407,837",,,"1,498,311","3,590,087","21,704,697",,
6901,"11,494","1,157",,,"3,698","3,449","3,494","8,140","1,291"
6924,"45,195","18,503",,,"15,781","4,611","5,524","19,842","15,785"
6937,"29,023","5,852",,,"23,123","3,130","5,207","14,688","11,609"
6938,"7,547,509","2,313,352",,,"2,786,551","99,938","3,924,305",,
6942,,,,,,,,"3,440,911","3,781,055"
6954,"889,694","429,784",,,"576,846","109,212","148,699",,
6960,"118,663","56,590",,,"40,778","10,051","30,735","47,098","6,683"
6961,"26,660","13,755",,,"14,336","2,340","3,509","6,114",937
6988,,,,,,,,"182,783",
6995,"226,003","74,202",,,"93,458","Å¶1 55,620","97,415","106,652","42,330"
6999,"43,578","19,334",,,"28,243","5,263","8,772","12,421","7,383"
7013,ó¨ìÆéëéYçáåv,åªã‡ãyÇ—åªã‡ìØìôï®,,óLå`å≈íËéëéY,,,,ó¨ìÆïâç¬çáåv,îÒó¨ìÆïâç¬çáåv
7030,"9,687,527","6,636,997",,,"3,195,133",,"1,704,712","7,850,615","3,052,839"
7031,"1,887,880","1,567,475",,,"57,931",,"84,733","415,279",-
7037,"3,367,699","1,885,683",,,"2,189,836",,"1,613,567","2,990,296","2,768,713"
7044,"3,634,567","2,083,615",,"138,869",,"478,322","756,131","2,328,209","227,810"
7045,"2,764,527","1,851,160",,,"13,050",,"163,879","853,719","114,626"
7057,"4,321,433","3,006,451",,,"27,576","332,015","468,653","2,410,230","700,059"
7064,"418,196","311,053",,,"124,474",,"101,190","339,712","90,270"
7065,"5,066,576","2,706,423",,,"13,099,249",,"583,581","4,545,941","7,594,168"
7070,"3,723,011","2,100,856",,,"2,219,433",,"638,862",,
7073,"1,480,246","1,145,140",,,"114,387","264,957","496,393","659,647","840,991"
7076,"1,031,337","1,006,208",,"17,277",,"4,719","68,864","76,845",
7082,"1,862,829","1,629,076",,"8,840",,,,"224,977","241,241"
7085,"14,676,442","9,515,075",,,"324,420","20,000","562,595","7,832,457","19,638,547"
7087,"9,599,683","4,547,104",,,"771,129","59,255","942,543","4,238,519","1,175,298"
7088,"18,101","14,297",,,509,10,"1,386","8,823",
7089,"1,252,839","1,042,949",,,"34,806","31,003","108,202","275,592","83,338"
7097,"3,543,401","2,138,541",,,"6,722,838",,,"2,740,288","4,987,695"
7122,,,,,,,,"39,838","4,863"
7192,"18,791,127","4,971,243",,,"194,660","10,183","986,350","13,118,191","1,238,558"
7198,,,,"1,222",,,,,
7202,"1,183,346","404,754",,,"767,563","191,682","275,096","623,965","415,991"
7213,"11,746,898","3,388,858",,,"1,635,898","615,899","1,058,117","9,048,946","1,167,908"
7215,"38,954","12,710",,,"27,557",360,"1,984","31,529","16,775"
7220,"102,053","24,143",,,"102,249","9,749","15,348","89,862","40,289"
7231,"122,360","24,477",,,"98,091","29,257","40,329","84,201","72,084"
7235,"21,439,236","5,430,048",,,"8,616,074","926,116","1,035,350","7,784,697","328,983"
7240,"368,362","120,421",,,"239,301","163,199","191,291","197,131","103,755"
7247,"46,474","4,253",,,"37,630","6,709","8,894","31,218","34,276"
7261,"1,489,595","591,101",,,"1,075,168","203,432","309,737","807,650","913,934"
7270,"1,982,832",,,"839,648",,,,"882,711","390,313"
7271,"16,756","5,001",,,"12,885",612,"1,179","13,990","8,268"
7279,"121,111","47,373",,,"60,382","57,174","62,659","51,485","19,917"
7282,,,,,,,,"185,535",
7284,"10,530,244","3,094,829",,,"8,687,038","1,292,018","2,408,505","7,574,943","4,216,621"
7325,"2,563,195","1,784,909",,"273,401",,"100,027","605,412","409,215","23,571"
7353,"2,030,748","1,894,001",,"8,117",,,,"1,265,901","98,342"
7354,"6,397,384",,,"936,999",,,,,
7358,"11,299","7,760",,,"1,567",,"1,683","5,389","2,706"
7361,"1,326,694","565,170",,,"73,799",,"213,725","787,511","331,101"
7368,"6,846,779","5,523,943",,,"4,719,239","67,214","964,039","6,567,396","179,626"
7414,"86,319","5,132",,,"55,024","1,497","2,598","62,305","7,839"
7421,"13,749","7,924",,,"12,164",852,"5,767","14,497","6,542"
7444,"15,739,119","3,214,183",,,"8,474,412","2,616,818","4,127,020","7,036,571","1,259,126"
7445,"26,956","11,530",,,"4,374",,"10,106","21,667","3,948"
7450,"12,889,177","988,180",,,"16,484,523","79,020","4,170,929","17,059,265","5,745,309"
7451,"532,396",438,,,"Å¶1 78,180","Å¶2 31,452","54,429","458,870","28,403"
7453,"256,793","129,746",,,"69,548","4,598","28,706","69,995","104,910"
7464,"7,518,398",Å¶1,,Å¶1,"3,797,855",Å¶3,"465,686","4,448,328","1,461,329"
7477,"2,885,229","1,530,974",,,"537,156","186,818","512,330","1,204,244","526,016"
7482,"20,105","7,629",,,"12,603",741,"4,214","4,795","1,272"
7483,"72,020","47,870",,,"18,677","1,556","2,813","11,394","7,866"
7486,"12,141","7,039",,,"8,535","4,714","5,109","6,005","1,873"
7505,"26,017,589","5,525,560",,,"723,845","3,853,333","6,018,420","18,193,693","4,573,567"
7514,"29,327","13,237",,,"5,013","1,173","5,550","15,115","10,913"
7516,"119,422","14,681",,,"189,767","3,687","57,111","104,665","157,143"
7518,"142,482","32,429",,,"4,504",Å¶1 171,"7,328","66,637","15,350"
7564,"85,696","57,813",,,"20,101",3,"6,307","19,090","3,191"
7570,"39,649","3,661",,,"11,829","6,345","11,395","35,345","3,513"
7575,"44,522","13,708",,,"13,111","7,542","14,822","16,467","5,190"
7587,"17,272,401","5,122,351",,"149,233",,,"420,824","8,226,828","220,105"
7594,"32,062,101","10,332,610",,,"6,493,083","1,106,335","1,672,834","16,142,111","1,338,889"
7604,"7,722,255","4,756,742",,,"15,353,335","1,754,143","4,577,581","19,069,990","7,406,078"
7609,"43,141,362","12,838,823",,"4,226,110",,,"2,459,872","26,551,429","3,276,970"
7616,"62,236",,,"44,339",,,,,
7618,"26,899","11,408",,,"5,213",Å¶3 30,"4,626","6,436","4,268"
7630,"20,294,041","15,801,173",,,"12,728,350","1,080,029","7,083,173","4,701,464","6,147,774"
7685,"5,618,771","3,661,566",,"337,908",,,"415,763","2,737,313","2,298,337"
7687,"1,018",476,,,19,,55,328,14
7701,"335,446","112,760",,,"102,392","13,663","48,005","144,096","17,857"
7718,"59,618,682","28,098,226",,,"14,208,073","613,990","1,849,026","23,466,957","1,239,904"
7731,"Å¢1,351",,,"Å¢20,159",,,,"Å¢11,849",
7733,,,,,,,,"328,394",
7735,"252,887","62,727",,,"57,054","53,990","67,277","120,867","53,215"
7740,"42,226","21,611",,,"13,350","2,584","3,078","9,404","2,394"
7744,"74,703",,,"9,083",,,,"27,259",
7779,,,,,,,,635.0,
7803,"35,744,896","26,589,584",,,"962,864","1,558,965","2,718,594","10,480,841","15,545,864"
7804,"2,678,586","2,202,080",,,"68,241",,"125,358","236,241","126,575"
7806,"30,497","13,780",,,"9,875","1,838","2,489","6,152",713
7807,"3,269,701","1,833,876",,,"1,538,855","8,879","141,545","1,571,321","2,285,612"
7812,"9,601,406","4,122,678",,,"3,799,937","89,610","882,047","6,729,566","2,623,785"
7818,"9,869,978","3,823,663",,"1,118,546",,"1,280,030","2,421,260","2,128,427","978,120"
7827,"5,849,609","525,999",,,"7,934,223","70,436","192,315",,
7832,"455,210","204,326",,,"88,341","121,208","156,215","175,920","45,428"
7847,"4,472,331","3,342,883",,,"780,448","20,622","214,446","805,677","327,057"
7851,"2,470,949","1,920,460",,,"680,152","206,608","445,148","780,118","278,590"
7864,"93,734,159","21,688,185",,,"54,881,610","3,829,536","9,249,608","46,474,620","9,811,661"
7867,"101,879","63,656",,,"14,254","2,592","6,122","42,295","35,390"
7887,"14,477,448","2,327,476",,,"7,533,554","564,510","1,780,373","4,012,212","517,450"
7895,"20,519","3,584",,,"14,484",303,"1,116","21,337","5,876"
7896,"5,813",792,,,"3,964",6,286,"2,766",736
7898,"28,766","8,377",,,"50,102","2,448","11,424","18,833","31,180"
7905,"87,748","17,433",,,"50,915","14,285","18,835","65,956","29,825"
7911,"1,066,994","Å¶1 513,972",,,"571,778","Å¶2 631,766","676,548","436,492","473,847"
7912,,,,,,,,"408,125","318,279"
7931,"35,713","19,064",,,"15,004","1,257","7,781","10,297","2,279"
7936,"246,284","64,229",,,"29,652","10,045","25,250","99,442","102,687"
7947,"80,641","17,884",,,"154,615","4,699","9,918","78,527","43,726"
7949,,,,,,,,"4,721","1,898"
7956,"64,091","33,726",,,"23,864",,"2,032","15,477","4,928"
7961,"6,542","3,195",,,"2,249",92,"1,922","2,107",571
7976,"78,546","45,420",,,"24,575","14,787","16,567","16,673","9,488"
7984,"191,855","48,078",,,"59,366","51,289","60,863","75,268","17,634"
8001,"144,250",,,"Å¢197,683",,,,"152,770",
8002,"378,537",,,"99,430",,,,"231,402",
8005,"32,241","8,084",,,"13,728","1,310","3,020","18,651","4,603"
8029,"22,977","6,888",,,"3,858","2,179","7,172",,
8056,"144,698","45,833",,,"12,321","27,003","53,025","74,523","20,570"
8058,"7,102,893",,,"2,510,238",,,,,
8098,"256,983","31,462",,,"14,395","71,592","78,930","150,591","26,833"
8104,"32,785","9,145",,,"7,069","1,342","2,914","23,913","5,176"
8111,"51,168","21,536",,,"8,233","21,608","29,061","32,285","6,173"
8127,"10,510,073","5,788,533",,,"6,675,846","4,845,796","5,184,559","5,480,345","992,542"
8132,"49,625","10,081",,,"30,914","7,859","11,886","35,507","9,421"
8133,"183,865",,,"136,291",,,,"150,941",
8145,"8,647,295","3,814,601",,,"2,703,625","3,396,826","3,481,444","1,721,301","556,075"
8151,"18,824,604","3,534,415",,,"8,351,799","5,566,338","8,141,079",,
8154,"200,179","45,636",,,"18,225","10,771","15,990","108,517","33,424"
8155,"48,815",,,,,,,,
8167,"34,223,665","23,325,967",,,"59,714,743","8,978,196","18,983,550","30,868,114","11,925,006"
8168,"34,477","6,464",,,"21,134",,,"20,991","13,651"
8179,"35,455","25,800",,,"48,829","14,214","28,523","25,929","52,919"
8194,"74,668","15,343",,,"147,452","1,520","42,551","130,466","40,280"
8219,"181,226","53,024",,,"87,947","10,723","48,390","101,078","63,912"
8225,"1,616,072","744,290",,,"1,741,971","33,657","398,363","1,055,420","1,760,686"
8227,"276,371","18,486",,,"139,659","10,317","34,865","58,625","8,785"
8230,"7,472,526","3,640,989",,,"2,056,974","399,353","8,090,751","5,563,550","2,962,683"
8247,"6,178,684","2,482,501",,,"17,547,495","Å¶1 1,941,744","4,324,234","17,670,723","7,231,519"
8255,"29,978","17,025",,,"66,334","3,446","15,163",,
8287,"75,141","37,050",,,"153,562","12,805","32,732","110,621","49,033"
8308,,,,"99,047",,,,,
8336,,,,"48,069",,,,,
8439,"3,011,703","217,522",,,"2,189,472","204,523","303,611",,
8511,"11,165,499","1,421,557",,,"5,727","935,344","963,251","11,972,251","28,811"
8522,,,,"37,136",,,,,
8560,,,,"12,612",,,,,
8566,"1,044,628","11,028",,,"75,169","26,370","37,698","327,663","641,710"
8570,"5,814,809","705,739",,,"39,152","12,424","147,205","4,888,859","760,194"
8591,,,,,,,,,
8595,"177,455","107,517",,,370,"83,578","84,329","20,351","26,794"
8613,"83,899",,,"2,658",,"11,086",,"11,558",419
8700,,,,"87,156",,"374,164",,,
8714,,,,"37,122",,,,,
8732,,,,473,,133,,,
8742,"8,680,689","3,299,537",,,"4,074,033","1,115,024","1,429,162","4,951,525","515,366"
8766,,,,"334,501",,,,,
8769,"4,141,955","2,756,401",,,"230,840","52,806","339,392","2,096,834","77,023"
8802,"1,164,037","170,040",,,"4,179,893","281,996","627,493","662,437","3,348,634"
8803,"67,942","29,685",,,"238,737","Å¶3,Å¶4 43,265","47,732","42,391","220,322"
8830,,,,,,,,"661,959","3,508,685"
8844,"133,693","31,186",,,"1,011",993,"8,525","75,621","32,910"
8881,"91,039,946","57,874,450",,,"11,397,649","3,537,045","4,929,991","28,893,158","17,001,742"
8890,"92,140","19,922",,,"Å¶1 7,355","Å¶2 2,166","5,021","8,997","49,001"
8892,"132,659","21,338",,,"17,015",,"12,058","47,906","77,533"
8893,,,,,,,,"9,542,649","5,109,711"
8918,"5,976,302","1,323,890",,,"4,377","33,134","53,653","1,191,779","246,720"
8929,"11,380,485","9,740,231",,,"2,775,221","1,044,756","1,759,362","3,114,397","6,951,130"
8938,"5,757","2,103",,,201,670,"2,332",752,209
8996,"8,401,236","3,970,547",,,"2,867,236","42,816","199,252","4,788,321","4,329,286"
9007,"146,692","49,397",,,"1,059,096","74,325","97,662","339,704","634,835"
9025,"123,202","63,397",,,"102,946","13,296","26,385","59,473","94,525"
9039,"31,766","22,588",,,"62,651","1,040","4,486","21,678","5,684"
9041,"331,123","76,972",,,"1,358,710","125,186","247,568","585,804","1,030,748"
9042,"325,307","27,546",,,"1,847,720","333,743","414,077","380,618","1,330,424"
9052,"17,050","6,035",,,"72,165","5,870","9,938","21,459","36,303"
9063,"13,430,210","6,401,765",,,"24,609,793","3,019,891","3,551,406","12,006,031","12,083,771"
9090,"40,004,013","26,488,570",,,"21,871,350","6,222,404","9,319,321","18,862,863","28,620,318"
9101,"538,488","107,369",,,"847,689","578,892","714,779","542,262","915,805"
9143,"303,622","69,165",,,"352,823","62,250","108,925","252,169","133,244"
9176,"5,521,025","3,885,094",,,"8,240,078","128,164","618,987","4,333,420","11,889,560"
9232,"47,130","12,864",,,"5,745",881,"5,579","29,864","15,429"
9264,"4,779,777","2,275,628",,,"3,254,083","256,708","814,738","3,261,896","2,913,671"
9268,"25,830,434","5,280,733",,,"3,678,801",,"953,512","15,950,281","3,124,078"
9275,"8,164,008","1,831,755",,,"1,012,794","39,977","1,988,383","5,582,539","4,645,970"
9278,"24,395","6,634",,,"5,841",,"9,341","18,021","10,050"
9279,"1,942,140","1,516,464",,,"3,310,039",,"1,494,125","2,392,683","1,334,970"
9310,"31,136","13,352",,,"71,726","15,806","21,338","21,327","37,216"
9351,"8,372","3,286",,,"25,565","6,048","7,694","12,114","7,825"
9359,"17,834,768","9,794,605",,,"20,717,666","4,031,260","6,194,403","5,682,064","4,193,009"
9365,"3,477,518","747,674",,,"3,119,018","1,203,527","2,628,352","4,001,649","2,383,028"
9366,"6,398,560","2,861,819",,,"11,458,329","494,596","1,854,087","5,439,370","5,669,198"
9401,"190,053","116,121",,,"231,883","646,435","659,052","86,176","219,162"
9404,,,,,,,,"104,672","106,976"
9408,"12,606,129","6,893,984",,,"6,507,019","3,314,743","5,703,483","4,635,407","1,112,221"
9419,"2,756,723","1,138,971",,"90,225",,"144,519","607,798","2,548,476","176,628"
9422,"85,914","21,550",,,"4,014",217,"5,976","47,583","6,591"
9424,"1,521,668","1,025,466",,,"84,710","56,990","195,753",,
9428,"13,986","6,628",,,"3,284",662,"7,214","7,846","6,969"
9432,"Å¢1,377,128",,,"194,823",,,,"818,550",
9468,"153,904","79,042",,,"72,161","29,671","36,610","79,347","60,776"
9505,,"132,310",,,,,,,
9511,,"26,680",,,,,,,
9532,"583,347","167,083",,,"1,070,610","377,074","561,487","322,784","875,975"
9537,"11,176,738","6,230,150",,,"41,879,835","2,137,146","5,627,313","8,570,239","3,052,680"
9601,"35,310","18,312",,,"103,377","30,070","50,189","29,257","81,339"
9605,"106,571","68,516",,,"89,329","109,749","127,164","46,747","33,316"
9610,"1,736,453","1,205,997",,,"31,777","127,086","303,665","737,190","237,000"
9612,"17,859,008","6,098,048",,,"4,366,384","1,819,336","5,154,899","14,944,794","3,693,415"
9613,"1,110,056",,,"339,158",,,,"924,387",
9616,"61,944","24,588",,,"114,907","4,499","57,344","49,848","118,398"
9621,"42,305","10,747",,,"9,749",,"8,186","27,735","3,259"
9628,"7,895,398","7,042,917",,,"22,153,606",,"2,183,565","2,541,584","1,297,786"
9629,"15,228","11,749",,,"3,547","4,357","6,329","5,849","3,532"
9632,"17,790,911","10,387,569",,,"11,504,191","294,182","1,984,705","4,289,072","988,766"
9637,,,,,,,,"4,002,223","14,402,143"
9644,"8,889,885","6,778,716",,,"2,153,346","318,497","1,602,928","1,418,815","556,504"
9679,"4,616,348","3,999,539",,,"13,639,453",,"1,072,388","1,239,155","10,030,086"
9684,"283,622","146,229",,,"19,656","2,537","27,325","80,345","12,521"
9692,"33,086,261","21,020,684",,,"6,147,098","2,407,986","4,295,503","8,270,819","1,139,892"
9699,"98,984","39,367",,,"133,306",,"7,031","75,469","61,588"
9706,"143,407","120,355",,,"305,324","16,430","33,343","59,093","264,555"
9744,"60,885","45,132",,,"5,122",27,"8,535","14,272","16,294"
9746,"37,325","24,997",,,"17,443","19,348","43,303","14,090","5,365"
9759,"44,068,125","29,086,570",,,"1,134,011","5,780,395","11,983,998",,
9766,"266,681",,,"106,025",,,,"79,860",
9767,"6,365,976","2,524,172",,,"449,812","623,302","834,525","3,571,665","863,269"
9827,"14,709,382","2,899,417",,"1,323,393",,,"2,511,289","10,658,774","1,652,767"
9835,"14,699,022","1,850,488",,,"15,947,533","248,678","4,074,917","12,406,543","10,824,386"
9853,"2,186,156","1,742,802",,,"1,638,377","365,391","2,226,583","2,272,148","509,614"
9880,"20,476,207","5,626,102",,,"10,713,449","2,059,944","4,266,064","12,183,738","4,369,280"
9890,"9,493,514","2,872,942",,,"17,710,042","834,996","4,257,468","11,781,434","5,367,051"
9948,"90,834","63,835",,,"121,183","10,392","27,216","62,701","30,826"
9964,"38,009,140","6,437,893",,,"21,001,210","665,558","2,250,509","25,691,945","4,503,249"
9978,"9,068,441","2,105,930",,,"917,594","92,427","1,480,395","7,690,898","2,883,576"
9983,"1,729,266",,,"151,875",,,,"631,623",
9984,"Å¢4,816,777",,,"404,062 H",,"2,495,273 M",,,
9993,"14,008","7,716",,,"31,954",350,"3,728","18,265","3,905"
